Sample:float,Data2:float
"33800.0","0.00286865234375"
"33801.0","0.002960205078125"
"33802.0","0.003143310546875"
"33803.0","0.00299072265625"
"33804.0","0.0030517578125"
"33805.0","0.0029296875"
"33806.0","0.0029296875"
"33807.0","0.002899169921875"
"33808.0","0.003021240234375"
"33809.0","0.002838134765625"
"33810.0","0.002899169921875"
"33811.0","0.00286865234375"
"33812.0","0.002777099609375"
"33813.0","0.002899169921875"
"33814.0","0.0029296875"
"33815.0","0.002838134765625"
"33816.0","0.002960205078125"
"33817.0","0.0029296875"
"33818.0","0.0029296875"
"33819.0","0.0028076171875"
"33820.0","0.0028076171875"
"33821.0","0.002777099609375"
"33822.0","0.002899169921875"
"33823.0","0.0029296875"
"33824.0","0.00286865234375"
"33825.0","0.002777099609375"
"33826.0","0.00286865234375"
"33827.0","0.002838134765625"
"33828.0","0.00286865234375"
"33829.0","0.0028076171875"
"33830.0","0.0028076171875"
"33831.0","0.002777099609375"
"33832.0","0.0028076171875"
"33833.0","0.00286865234375"
"33834.0","0.0029296875"
"33835.0","0.002899169921875"
"33836.0","0.00286865234375"
"33837.0","0.002838134765625"
"33838.0","0.0029296875"
"33839.0","0.00286865234375"
"33840.0","0.0029296875"
"33841.0","0.002777099609375"
"33842.0","0.002838134765625"
"33843.0","0.002899169921875"
"33844.0","0.00299072265625"
"33845.0","0.002960205078125"
"33846.0","0.00274658203125"
"33847.0","0.0029296875"
"33848.0","0.002960205078125"
"33849.0","0.002960205078125"
"33850.0","0.00286865234375"
"33851.0","0.0029296875"
"33852.0","0.002777099609375"
"33853.0","0.003021240234375"
"33854.0","0.002838134765625"
"33855.0","0.002777099609375"
"33856.0","0.00311279296875"
"33857.0","0.00299072265625"
"33858.0","0.002960205078125"
"33859.0","0.003021240234375"
"33860.0","0.002838134765625"
"33861.0","0.00299072265625"
"33862.0","0.0029296875"
"33863.0","0.0030517578125"
"33864.0","0.00299072265625"
"33865.0","0.00299072265625"
"33866.0","0.00299072265625"
"33867.0","0.0030517578125"
"33868.0","0.002716064453125"
"33869.0","0.002899169921875"
"33870.0","0.003143310546875"
"33871.0","0.002685546875"
"33872.0","0.002960205078125"
"33873.0","0.003021240234375"
"33874.0","0.002716064453125"
"33875.0","0.002960205078125"
"33876.0","0.0029296875"
"33877.0","0.00299072265625"
"33878.0","0.002838134765625"
"33879.0","0.002960205078125"
"33880.0","0.002685546875"
"33881.0","0.00286865234375"
"33882.0","0.002838134765625"
"33883.0","0.0029296875"
"33884.0","0.002716064453125"
"33885.0","0.002838134765625"
"33886.0","0.002899169921875"
"33887.0","0.002838134765625"
"33888.0","0.00286865234375"
"33889.0","0.002777099609375"
"33890.0","0.003143310546875"
"33891.0","0.0025634765625"
"33892.0","0.0028076171875"
"33893.0","0.002777099609375"
"33894.0","0.002777099609375"
"33895.0","0.00311279296875"
"33896.0","0.0028076171875"
"33897.0","0.00286865234375"
"33898.0","0.0029296875"
"33899.0","0.002960205078125"
"33900.0","0.002899169921875"
"33901.0","0.002777099609375"
"33902.0","0.002838134765625"
"33903.0","0.0029296875"
"33904.0","0.00286865234375"
"33905.0","0.0029296875"
"33906.0","0.00299072265625"
"33907.0","0.00299072265625"
"33908.0","0.0029296875"
"33909.0","0.002838134765625"
"33910.0","0.002960205078125"
"33911.0","0.003021240234375"
"33912.0","0.002685546875"
"33913.0","0.003021240234375"
"33914.0","0.002899169921875"
"33915.0","0.002838134765625"
"33916.0","0.003082275390625"
"33917.0","0.00286865234375"
"33918.0","0.0029296875"
"33919.0","0.003021240234375"
"33920.0","0.002960205078125"
"33921.0","0.0030517578125"
"33922.0","0.002960205078125"
"33923.0","0.00274658203125"
"33924.0","0.0029296875"
"33925.0","0.002960205078125"
"33926.0","0.003021240234375"
"33927.0","0.002960205078125"
"33928.0","0.00286865234375"
"33929.0","0.002960205078125"
"33930.0","0.0028076171875"
"33931.0","0.0029296875"
"33932.0","0.003021240234375"
"33933.0","0.00286865234375"
"33934.0","0.0030517578125"
"33935.0","0.0029296875"
"33936.0","0.002899169921875"
"33937.0","0.002960205078125"
"33938.0","0.002777099609375"
"33939.0","0.003021240234375"
"33940.0","0.0029296875"
"33941.0","0.00299072265625"
"33942.0","0.002899169921875"
"33943.0","0.002838134765625"
"33944.0","0.00286865234375"
"33945.0","0.002838134765625"
"33946.0","0.0028076171875"
"33947.0","0.002838134765625"
"33948.0","0.00286865234375"
"33949.0","0.002899169921875"
"33950.0","0.00286865234375"
"33951.0","0.002838134765625"
"33952.0","0.002838134765625"
"33953.0","0.002838134765625"
"33954.0","0.00274658203125"
"33955.0","0.00299072265625"
"33956.0","0.002777099609375"
"33957.0","0.002716064453125"
"33958.0","0.002899169921875"
"33959.0","0.00286865234375"
"33960.0","0.002899169921875"
"33961.0","0.002899169921875"
"33962.0","0.002777099609375"
"33963.0","0.002716064453125"
"33964.0","0.003204345703125"
"33965.0","0.0025634765625"
"33966.0","0.00286865234375"
"33967.0","0.00286865234375"
"33968.0","0.00286865234375"
"33969.0","0.00299072265625"
"33970.0","0.003021240234375"
"33971.0","0.002838134765625"
"33972.0","0.002716064453125"
"33973.0","0.002960205078125"
"33974.0","0.002899169921875"
"33975.0","0.0028076171875"
"33976.0","0.002960205078125"
"33977.0","0.0028076171875"
"33978.0","0.00286865234375"
"33979.0","0.0028076171875"
"33980.0","0.00299072265625"
"33981.0","0.003021240234375"
"33982.0","0.00299072265625"
"33983.0","0.002838134765625"
"33984.0","0.00286865234375"
"33985.0","0.003021240234375"
"33986.0","0.00286865234375"
"33987.0","0.00286865234375"
"33988.0","0.0030517578125"
"33989.0","0.0030517578125"
"33990.0","0.003082275390625"
"33991.0","0.00299072265625"
"33992.0","0.0028076171875"
"33993.0","0.0029296875"
"33994.0","0.003021240234375"
"33995.0","0.00274658203125"
"33996.0","0.002960205078125"
"33997.0","0.0028076171875"
"33998.0","0.002960205078125"
"33999.0","0.002777099609375"
"34000.0","0.00286865234375"
"34001.0","0.002960205078125"
"34002.0","0.003143310546875"
"34003.0","0.00299072265625"
"34004.0","0.0030517578125"
"34005.0","0.0029296875"
"34006.0","0.0029296875"
"34007.0","0.002899169921875"
"34008.0","0.003021240234375"
"34009.0","0.002838134765625"
"34010.0","0.002899169921875"
"34011.0","0.00286865234375"
"34012.0","0.002777099609375"
"34013.0","0.002899169921875"
"34014.0","0.0029296875"
"34015.0","0.002838134765625"
"34016.0","0.002960205078125"
"34017.0","0.0029296875"
"34018.0","0.0029296875"
"34019.0","0.0028076171875"
"34020.0","0.0028076171875"
"34021.0","0.002777099609375"
"34022.0","0.002899169921875"
"34023.0","0.0029296875"
"34024.0","0.00286865234375"
"34025.0","0.002777099609375"
"34026.0","0.00286865234375"
"34027.0","0.002838134765625"
"34028.0","0.00286865234375"
"34029.0","0.0028076171875"
"34030.0","0.0028076171875"
"34031.0","0.002777099609375"
"34032.0","0.0028076171875"
"34033.0","0.00286865234375"
"34034.0","0.0029296875"
"34035.0","0.002899169921875"
"34036.0","0.00286865234375"
"34037.0","0.002838134765625"
"34038.0","0.0029296875"
"34039.0","0.00286865234375"
"34040.0","0.0029296875"
"34041.0","0.002777099609375"
"34042.0","0.002838134765625"
"34043.0","0.002899169921875"
"34044.0","0.00299072265625"
"34045.0","0.002960205078125"
"34046.0","0.00274658203125"
"34047.0","0.0029296875"
"34048.0","0.002960205078125"
"34049.0","0.002960205078125"
"34050.0","0.00286865234375"
"34051.0","0.0029296875"
"34052.0","0.002777099609375"
"34053.0","0.003021240234375"
"34054.0","0.002838134765625"
"34055.0","0.002777099609375"
"34056.0","0.00311279296875"
"34057.0","0.00299072265625"
"34058.0","0.002960205078125"
"34059.0","0.003021240234375"
"34060.0","0.002838134765625"
"34061.0","0.00299072265625"
"34062.0","0.0029296875"
"34063.0","0.0030517578125"
"34064.0","0.00299072265625"
"34065.0","0.00299072265625"
"34066.0","0.00299072265625"
"34067.0","0.0030517578125"
"34068.0","0.002716064453125"
"34069.0","0.002899169921875"
"34070.0","0.003143310546875"
"34071.0","0.002685546875"
"34072.0","0.002960205078125"
"34073.0","0.003021240234375"
"34074.0","0.002716064453125"
"34075.0","0.002960205078125"
"34076.0","0.0029296875"
"34077.0","0.00299072265625"
"34078.0","0.002838134765625"
"34079.0","0.002960205078125"
"34080.0","0.002685546875"
"34081.0","0.00286865234375"
"34082.0","0.002838134765625"
"34083.0","0.0029296875"
"34084.0","0.002716064453125"
"34085.0","0.002838134765625"
"34086.0","0.002899169921875"
"34087.0","0.002838134765625"
"34088.0","0.00286865234375"
"34089.0","0.002777099609375"
"34090.0","0.003143310546875"
"34091.0","0.0025634765625"
"34092.0","0.0028076171875"
"34093.0","0.002777099609375"
"34094.0","0.002777099609375"
"34095.0","0.00311279296875"
"34096.0","0.0028076171875"
"34097.0","0.00286865234375"
"34098.0","0.0029296875"
"34099.0","0.002960205078125"
"34100.0","0.002899169921875"
"34101.0","0.002777099609375"
"34102.0","0.002838134765625"
"34103.0","0.0029296875"
"34104.0","0.00286865234375"
"34105.0","0.0029296875"
"34106.0","0.00299072265625"
"34107.0","0.00299072265625"
"34108.0","0.0029296875"
"34109.0","0.002838134765625"
"34110.0","0.002960205078125"
"34111.0","0.003021240234375"
"34112.0","0.002685546875"
"34113.0","0.003021240234375"
"34114.0","0.002899169921875"
"34115.0","0.002838134765625"
"34116.0","0.003082275390625"
"34117.0","0.00286865234375"
"34118.0","0.0029296875"
"34119.0","0.003021240234375"
"34120.0","0.002960205078125"
"34121.0","0.0030517578125"
"34122.0","0.002960205078125"
"34123.0","0.00274658203125"
"34124.0","0.0029296875"
"34125.0","0.002960205078125"
"34126.0","0.003021240234375"
"34127.0","0.002960205078125"
"34128.0","0.00286865234375"
"34129.0","0.002960205078125"
"34130.0","0.0028076171875"
"34131.0","0.0029296875"
"34132.0","0.003021240234375"
"34133.0","0.00286865234375"
"34134.0","0.0030517578125"
"34135.0","0.0029296875"
"34136.0","0.002899169921875"
"34137.0","0.002960205078125"
"34138.0","0.002777099609375"
"34139.0","0.003021240234375"
"34140.0","0.0029296875"
"34141.0","0.00299072265625"
"34142.0","0.002899169921875"
"34143.0","0.002838134765625"
"34144.0","0.00286865234375"
"34145.0","0.002838134765625"
"34146.0","0.0028076171875"
"34147.0","0.002838134765625"
"34148.0","0.00286865234375"
"34149.0","0.002899169921875"
"34150.0","0.00286865234375"
"34151.0","0.002838134765625"
"34152.0","0.002838134765625"
"34153.0","0.002838134765625"
"34154.0","0.00274658203125"
"34155.0","0.00299072265625"
"34156.0","0.002777099609375"
"34157.0","0.002716064453125"
"34158.0","0.002899169921875"
"34159.0","0.00286865234375"
"34160.0","0.002899169921875"
"34161.0","0.002899169921875"
"34162.0","0.002777099609375"
"34163.0","0.002716064453125"
"34164.0","0.003204345703125"
"34165.0","0.0025634765625"
"34166.0","0.00286865234375"
"34167.0","0.00286865234375"
"34168.0","0.00286865234375"
"34169.0","0.00299072265625"
"34170.0","0.003021240234375"
"34171.0","0.002838134765625"
"34172.0","0.002716064453125"
"34173.0","0.002960205078125"
"34174.0","0.002899169921875"
"34175.0","0.0028076171875"
"34176.0","0.002960205078125"
"34177.0","0.0028076171875"
"34178.0","0.00286865234375"
"34179.0","0.0028076171875"
"34180.0","0.00299072265625"
"34181.0","0.003021240234375"
"34182.0","0.00299072265625"
"34183.0","0.002838134765625"
"34184.0","0.00286865234375"
"34185.0","0.003021240234375"
"34186.0","0.00286865234375"
"34187.0","0.00286865234375"
"34188.0","0.0030517578125"
"34189.0","0.0030517578125"
"34190.0","0.003082275390625"
"34191.0","0.00299072265625"
"34192.0","0.0028076171875"
"34193.0","0.0029296875"
"34194.0","0.003021240234375"
"34195.0","0.00274658203125"
"34196.0","0.002960205078125"
"34197.0","0.0028076171875"
"34198.0","0.002960205078125"
"34199.0","0.002777099609375"
"34200.0","0.00286865234375"
"34201.0","0.002960205078125"
"34202.0","0.003143310546875"
"34203.0","0.00299072265625"
"34204.0","0.0030517578125"
"34205.0","0.0029296875"
"34206.0","0.0029296875"
"34207.0","0.002899169921875"
"34208.0","0.003021240234375"
"34209.0","0.002838134765625"
"34210.0","0.002899169921875"
"34211.0","0.00286865234375"
"34212.0","0.002777099609375"
"34213.0","0.002899169921875"
"34214.0","0.0029296875"
"34215.0","0.002838134765625"
"34216.0","0.002960205078125"
"34217.0","0.0029296875"
"34218.0","0.0029296875"
"34219.0","0.0028076171875"
"34220.0","0.0028076171875"
"34221.0","0.002777099609375"
"34222.0","0.002899169921875"
"34223.0","0.0029296875"
"34224.0","0.00286865234375"
"34225.0","0.002777099609375"
"34226.0","0.00286865234375"
"34227.0","0.002838134765625"
"34228.0","0.00286865234375"
"34229.0","0.0028076171875"
"34230.0","0.0028076171875"
"34231.0","0.002777099609375"
"34232.0","0.0028076171875"
"34233.0","0.00286865234375"
"34234.0","0.0029296875"
"34235.0","0.002899169921875"
"34236.0","0.00286865234375"
"34237.0","0.002838134765625"
"34238.0","0.0029296875"
"34239.0","0.00286865234375"
"34240.0","0.0029296875"
"34241.0","0.002777099609375"
"34242.0","0.002838134765625"
"34243.0","0.002899169921875"
"34244.0","0.00299072265625"
"34245.0","0.002960205078125"
"34246.0","0.00274658203125"
"34247.0","0.0029296875"
"34248.0","0.002960205078125"
"34249.0","0.002960205078125"
"34250.0","0.00286865234375"
"34251.0","0.0029296875"
"34252.0","0.002777099609375"
"34253.0","0.003021240234375"
"34254.0","0.002838134765625"
"34255.0","0.002777099609375"
"34256.0","0.00311279296875"
"34257.0","0.00299072265625"
"34258.0","0.002960205078125"
"34259.0","0.003021240234375"
"34260.0","0.002838134765625"
"34261.0","0.00299072265625"
"34262.0","0.0029296875"
"34263.0","0.0030517578125"
"34264.0","0.00299072265625"
"34265.0","0.00299072265625"
"34266.0","0.00299072265625"
"34267.0","0.0030517578125"
"34268.0","0.002716064453125"
"34269.0","0.002899169921875"
"34270.0","0.003143310546875"
"34271.0","0.002685546875"
"34272.0","0.002960205078125"
"34273.0","0.003021240234375"
"34274.0","0.002716064453125"
"34275.0","0.002960205078125"
"34276.0","0.0029296875"
"34277.0","0.00299072265625"
"34278.0","0.002838134765625"
"34279.0","0.002960205078125"
"34280.0","0.002685546875"
"34281.0","0.00286865234375"
"34282.0","0.002838134765625"
"34283.0","0.0029296875"
"34284.0","0.002716064453125"
"34285.0","0.002838134765625"
"34286.0","0.002899169921875"
"34287.0","0.002838134765625"
"34288.0","0.00286865234375"
"34289.0","0.002777099609375"
"34290.0","0.003143310546875"
"34291.0","0.0025634765625"
"34292.0","0.0028076171875"
"34293.0","0.002777099609375"
"34294.0","0.002777099609375"
"34295.0","0.00311279296875"
"34296.0","0.0028076171875"
"34297.0","0.00286865234375"
"34298.0","0.0029296875"
"34299.0","0.002960205078125"
"34300.0","0.002899169921875"
"34301.0","0.002777099609375"
"34302.0","0.002838134765625"
"34303.0","0.0029296875"
"34304.0","0.00286865234375"
"34305.0","0.0029296875"
"34306.0","0.00299072265625"
"34307.0","0.00299072265625"
"34308.0","0.0029296875"
"34309.0","0.002838134765625"
"34310.0","0.002960205078125"
"34311.0","0.003021240234375"
"34312.0","0.002685546875"
"34313.0","0.003021240234375"
"34314.0","0.002899169921875"
"34315.0","0.002838134765625"
"34316.0","0.003082275390625"
"34317.0","0.00286865234375"
"34318.0","0.0029296875"
"34319.0","0.003021240234375"
"34320.0","0.002960205078125"
"34321.0","0.0030517578125"
"34322.0","0.002960205078125"
"34323.0","0.00274658203125"
"34324.0","0.0029296875"
"34325.0","0.002960205078125"
"34326.0","0.003021240234375"
"34327.0","0.002960205078125"
"34328.0","0.00286865234375"
"34329.0","0.002960205078125"
"34330.0","0.0028076171875"
"34331.0","0.0029296875"
"34332.0","0.003021240234375"
"34333.0","0.00286865234375"
"34334.0","0.0030517578125"
"34335.0","0.0029296875"
"34336.0","0.002899169921875"
"34337.0","0.002960205078125"
"34338.0","0.002777099609375"
"34339.0","0.003021240234375"
"34340.0","0.0029296875"
"34341.0","0.00299072265625"
"34342.0","0.002899169921875"
"34343.0","0.002838134765625"
"34344.0","0.00286865234375"
"34345.0","0.002838134765625"
"34346.0","0.0028076171875"
"34347.0","0.002838134765625"
"34348.0","0.00286865234375"
"34349.0","0.002899169921875"
"34350.0","0.00286865234375"
"34351.0","0.002838134765625"
"34352.0","0.002838134765625"
"34353.0","0.002838134765625"
"34354.0","0.00274658203125"
"34355.0","0.00299072265625"
"34356.0","0.002777099609375"
"34357.0","0.002716064453125"
"34358.0","0.002899169921875"
"34359.0","0.00286865234375"
"34360.0","0.002899169921875"
"34361.0","0.002899169921875"
"34362.0","0.002777099609375"
"34363.0","0.002716064453125"
"34364.0","0.003204345703125"
"34365.0","0.0025634765625"
"34366.0","0.00286865234375"
"34367.0","0.00286865234375"
"34368.0","0.00286865234375"
"34369.0","0.00299072265625"
"34370.0","0.003021240234375"
"34371.0","0.002838134765625"
"34372.0","0.002716064453125"
"34373.0","0.002960205078125"
"34374.0","0.002899169921875"
"34375.0","0.0028076171875"
"34376.0","0.002960205078125"
"34377.0","0.0028076171875"
"34378.0","0.00286865234375"
"34379.0","0.0028076171875"
"34380.0","0.00299072265625"
"34381.0","0.003021240234375"
"34382.0","0.00299072265625"
"34383.0","0.002838134765625"
"34384.0","0.00286865234375"
"34385.0","0.003021240234375"
"34386.0","0.00286865234375"
"34387.0","0.00286865234375"
"34388.0","0.0030517578125"
"34389.0","0.0030517578125"
"34390.0","0.003082275390625"
"34391.0","0.00299072265625"
"34392.0","0.0028076171875"
"34393.0","0.0029296875"
"34394.0","0.003021240234375"
"34395.0","0.00274658203125"
"34396.0","0.002960205078125"
"34397.0","0.0028076171875"
"34398.0","0.002960205078125"
"34399.0","0.002777099609375"
"34400.0","0.0030517578125"
"34401.0","0.00286865234375"
"34402.0","0.00311279296875"
"34403.0","0.00299072265625"
"34404.0","0.003021240234375"
"34405.0","0.003143310546875"
"34406.0","0.002777099609375"
"34407.0","0.0028076171875"
"34408.0","0.003082275390625"
"34409.0","0.002960205078125"
"34410.0","0.00286865234375"
"34411.0","0.00299072265625"
"34412.0","0.003021240234375"
"34413.0","0.002593994140625"
"34414.0","0.003021240234375"
"34415.0","0.002960205078125"
"34416.0","0.002960205078125"
"34417.0","0.002838134765625"
"34418.0","0.003021240234375"
"34419.0","0.002685546875"
"34420.0","0.002899169921875"
"34421.0","0.002899169921875"
"34422.0","0.0028076171875"
"34423.0","0.00286865234375"
"34424.0","0.00286865234375"
"34425.0","0.0029296875"
"34426.0","0.00286865234375"
"34427.0","0.00274658203125"
"34428.0","0.002960205078125"
"34429.0","0.0028076171875"
"34430.0","0.0028076171875"
"34431.0","0.002777099609375"
"34432.0","0.0028076171875"
"34433.0","0.00286865234375"
"34434.0","0.0029296875"
"34435.0","0.002899169921875"
"34436.0","0.00286865234375"
"34437.0","0.002838134765625"
"34438.0","0.0029296875"
"34439.0","0.00286865234375"
"34440.0","0.0029296875"
"34441.0","0.002777099609375"
"34442.0","0.002838134765625"
"34443.0","0.002899169921875"
"34444.0","0.00299072265625"
"34445.0","0.002960205078125"
"34446.0","0.00274658203125"
"34447.0","0.0029296875"
"34448.0","0.002960205078125"
"34449.0","0.002960205078125"
"34450.0","0.00286865234375"
"34451.0","0.0029296875"
"34452.0","0.002777099609375"
"34453.0","0.003021240234375"
"34454.0","0.002838134765625"
"34455.0","0.002777099609375"
"34456.0","0.00311279296875"
"34457.0","0.00299072265625"
"34458.0","0.002960205078125"
"34459.0","0.003021240234375"
"34460.0","0.002838134765625"
"34461.0","0.00299072265625"
"34462.0","0.0029296875"
"34463.0","0.0030517578125"
"34464.0","0.00299072265625"
"34465.0","0.00299072265625"
"34466.0","0.00299072265625"
"34467.0","0.0030517578125"
"34468.0","0.002716064453125"
"34469.0","0.002899169921875"
"34470.0","0.003143310546875"
"34471.0","0.002685546875"
"34472.0","0.002960205078125"
"34473.0","0.003021240234375"
"34474.0","0.002716064453125"
"34475.0","0.002960205078125"
"34476.0","0.0029296875"
"34477.0","0.00299072265625"
"34478.0","0.002838134765625"
"34479.0","0.002960205078125"
"34480.0","0.002685546875"
"34481.0","0.00286865234375"
"34482.0","0.002838134765625"
"34483.0","0.0029296875"
"34484.0","0.002716064453125"
"34485.0","0.002838134765625"
"34486.0","0.002899169921875"
"34487.0","0.002838134765625"
"34488.0","0.00286865234375"
"34489.0","0.002777099609375"
"34490.0","0.003143310546875"
"34491.0","0.0025634765625"
"34492.0","0.0028076171875"
"34493.0","0.002777099609375"
"34494.0","0.002777099609375"
"34495.0","0.00311279296875"
"34496.0","0.0028076171875"
"34497.0","0.00286865234375"
"34498.0","0.0029296875"
"34499.0","0.002960205078125"
"34500.0","0.002899169921875"
"34501.0","0.002777099609375"
"34502.0","0.002838134765625"
"34503.0","0.0029296875"
"34504.0","0.00286865234375"
"34505.0","0.0029296875"
"34506.0","0.00299072265625"
"34507.0","0.00299072265625"
"34508.0","0.0029296875"
"34509.0","0.002838134765625"
"34510.0","0.002960205078125"
"34511.0","0.003021240234375"
"34512.0","0.002685546875"
"34513.0","0.003021240234375"
"34514.0","0.002899169921875"
"34515.0","0.002838134765625"
"34516.0","0.003082275390625"
"34517.0","0.00286865234375"
"34518.0","0.0029296875"
"34519.0","0.003021240234375"
"34520.0","0.002960205078125"
"34521.0","0.0030517578125"
"34522.0","0.002960205078125"
"34523.0","0.00274658203125"
"34524.0","0.0029296875"
"34525.0","0.002960205078125"
"34526.0","0.003021240234375"
"34527.0","0.002960205078125"
"34528.0","0.00286865234375"
"34529.0","0.002960205078125"
"34530.0","0.0028076171875"
"34531.0","0.0029296875"
"34532.0","0.003021240234375"
"34533.0","0.00286865234375"
"34534.0","0.0030517578125"
"34535.0","0.0029296875"
"34536.0","0.002899169921875"
"34537.0","0.002960205078125"
"34538.0","0.002777099609375"
"34539.0","0.003021240234375"
"34540.0","0.0029296875"
"34541.0","0.00299072265625"
"34542.0","0.002899169921875"
"34543.0","0.002838134765625"
"34544.0","0.00286865234375"
"34545.0","0.002838134765625"
"34546.0","0.0028076171875"
"34547.0","0.002838134765625"
"34548.0","0.00286865234375"
"34549.0","0.002899169921875"
"34550.0","0.00286865234375"
"34551.0","0.002838134765625"
"34552.0","0.002838134765625"
"34553.0","0.002838134765625"
"34554.0","0.00274658203125"
"34555.0","0.00299072265625"
"34556.0","0.002777099609375"
"34557.0","0.002716064453125"
"34558.0","0.002899169921875"
"34559.0","0.00286865234375"
"34560.0","0.002899169921875"
"34561.0","0.002899169921875"
"34562.0","0.002777099609375"
"34563.0","0.002716064453125"
"34564.0","0.003204345703125"
"34565.0","0.0025634765625"
"34566.0","0.00286865234375"
"34567.0","0.00286865234375"
"34568.0","0.00286865234375"
"34569.0","0.00299072265625"
"34570.0","0.003021240234375"
"34571.0","0.002838134765625"
"34572.0","0.002716064453125"
"34573.0","0.002960205078125"
"34574.0","0.002899169921875"
"34575.0","0.0028076171875"
"34576.0","0.002960205078125"
"34577.0","0.0028076171875"
"34578.0","0.00286865234375"
"34579.0","0.0028076171875"
"34580.0","0.00299072265625"
"34581.0","0.003021240234375"
"34582.0","0.00299072265625"
"34583.0","0.002838134765625"
"34584.0","0.00286865234375"
"34585.0","0.003021240234375"
"34586.0","0.00286865234375"
"34587.0","0.00286865234375"
"34588.0","0.0030517578125"
"34589.0","0.0030517578125"
"34590.0","0.003082275390625"
"34591.0","0.00299072265625"
"34592.0","0.0028076171875"
"34593.0","0.0029296875"
"34594.0","0.003021240234375"
"34595.0","0.00274658203125"
"34596.0","0.002960205078125"
"34597.0","0.0028076171875"
"34598.0","0.002960205078125"
"34599.0","0.002777099609375"
"34600.0","0.0030517578125"
"34601.0","0.00286865234375"
"34602.0","0.00311279296875"
"34603.0","0.00299072265625"
"34604.0","0.003021240234375"
"34605.0","0.003143310546875"
"34606.0","0.002777099609375"
"34607.0","0.0028076171875"
"34608.0","0.003082275390625"
"34609.0","0.002960205078125"
"34610.0","0.00286865234375"
"34611.0","0.00299072265625"
"34612.0","0.003021240234375"
"34613.0","0.002593994140625"
"34614.0","0.003021240234375"
"34615.0","0.002960205078125"
"34616.0","0.002960205078125"
"34617.0","0.002838134765625"
"34618.0","0.003021240234375"
"34619.0","0.002685546875"
"34620.0","0.002899169921875"
"34621.0","0.002899169921875"
"34622.0","0.0028076171875"
"34623.0","0.00286865234375"
"34624.0","0.00286865234375"
"34625.0","0.0029296875"
"34626.0","0.00286865234375"
"34627.0","0.00274658203125"
"34628.0","0.002960205078125"
"34629.0","0.0028076171875"
"34630.0","0.00274658203125"
"34631.0","0.003021240234375"
"34632.0","0.002716064453125"
"34633.0","0.002685546875"
"34634.0","0.002960205078125"
"34635.0","0.00286865234375"
"34636.0","0.002899169921875"
"34637.0","0.0029296875"
"34638.0","0.0028076171875"
"34639.0","0.002777099609375"
"34640.0","0.0030517578125"
"34641.0","0.00262451171875"
"34642.0","0.003143310546875"
"34643.0","0.002777099609375"
"34644.0","0.0029296875"
"34645.0","0.0030517578125"
"34646.0","0.002899169921875"
"34647.0","0.00299072265625"
"34648.0","0.00286865234375"
"34649.0","0.002777099609375"
"34650.0","0.003021240234375"
"34651.0","0.0029296875"
"34652.0","0.002716064453125"
"34653.0","0.0029296875"
"34654.0","0.002899169921875"
"34655.0","0.002777099609375"
"34656.0","0.00311279296875"
"34657.0","0.00299072265625"
"34658.0","0.0029296875"
"34659.0","0.0029296875"
"34660.0","0.003021240234375"
"34661.0","0.00299072265625"
"34662.0","0.002960205078125"
"34663.0","0.002899169921875"
"34664.0","0.002960205078125"
"34665.0","0.0030517578125"
"34666.0","0.002899169921875"
"34667.0","0.002899169921875"
"34668.0","0.002838134765625"
"34669.0","0.002960205078125"
"34670.0","0.00286865234375"
"34671.0","0.002899169921875"
"34672.0","0.0028076171875"
"34673.0","0.002838134765625"
"34674.0","0.002899169921875"
"34675.0","0.002899169921875"
"34676.0","0.00299072265625"
"34677.0","0.002960205078125"
"34678.0","0.002899169921875"
"34679.0","0.00286865234375"
"34680.0","0.0029296875"
"34681.0","0.002838134765625"
"34682.0","0.002838134765625"
"34683.0","0.00299072265625"
"34684.0","0.00286865234375"
"34685.0","0.00286865234375"
"34686.0","0.00286865234375"
"34687.0","0.002899169921875"
"34688.0","0.002899169921875"
"34689.0","0.00286865234375"
"34690.0","0.00286865234375"
"34691.0","0.00274658203125"
"34692.0","0.0028076171875"
"34693.0","0.002716064453125"
"34694.0","0.00299072265625"
"34695.0","0.002960205078125"
"34696.0","0.002685546875"
"34697.0","0.002960205078125"
"34698.0","0.00286865234375"
"34699.0","0.002838134765625"
"34700.0","0.00286865234375"
"34701.0","0.002960205078125"
"34702.0","0.002899169921875"
"34703.0","0.003021240234375"
"34704.0","0.00274658203125"
"34705.0","0.0029296875"
"34706.0","0.002960205078125"
"34707.0","0.0029296875"
"34708.0","0.0030517578125"
"34709.0","0.002716064453125"
"34710.0","0.002960205078125"
"34711.0","0.00299072265625"
"34712.0","0.00274658203125"
"34713.0","0.0029296875"
"34714.0","0.0029296875"
"34715.0","0.00286865234375"
"34716.0","0.00286865234375"
"34717.0","0.002960205078125"
"34718.0","0.0030517578125"
"34719.0","0.00299072265625"
"34720.0","0.002899169921875"
"34721.0","0.002899169921875"
"34722.0","0.00299072265625"
"34723.0","0.002899169921875"
"34724.0","0.002685546875"
"34725.0","0.003021240234375"
"34726.0","0.0030517578125"
"34727.0","0.003082275390625"
"34728.0","0.002960205078125"
"34729.0","0.0028076171875"
"34730.0","0.0030517578125"
"34731.0","0.002777099609375"
"34732.0","0.002899169921875"
"34733.0","0.00299072265625"
"34734.0","0.0028076171875"
"34735.0","0.002838134765625"
"34736.0","0.002899169921875"
"34737.0","0.00286865234375"
"34738.0","0.002899169921875"
"34739.0","0.002960205078125"
"34740.0","0.0029296875"
"34741.0","0.002899169921875"
"34742.0","0.002838134765625"
"34743.0","0.002899169921875"
"34744.0","0.00274658203125"
"34745.0","0.002838134765625"
"34746.0","0.0028076171875"
"34747.0","0.002777099609375"
"34748.0","0.0028076171875"
"34749.0","0.002838134765625"
"34750.0","0.0028076171875"
"34751.0","0.002899169921875"
"34752.0","0.0028076171875"
"34753.0","0.00299072265625"
"34754.0","0.002685546875"
"34755.0","0.00274658203125"
"34756.0","0.002899169921875"
"34757.0","0.002685546875"
"34758.0","0.002960205078125"
"34759.0","0.002899169921875"
"34760.0","0.00286865234375"
"34761.0","0.00286865234375"
"34762.0","0.002655029296875"
"34763.0","0.003173828125"
"34764.0","0.002655029296875"
"34765.0","0.00286865234375"
"34766.0","0.00286865234375"
"34767.0","0.0029296875"
"34768.0","0.0030517578125"
"34769.0","0.00286865234375"
"34770.0","0.0029296875"
"34771.0","0.002838134765625"
"34772.0","0.002960205078125"
"34773.0","0.002838134765625"
"34774.0","0.0029296875"
"34775.0","0.0029296875"
"34776.0","0.0028076171875"
"34777.0","0.00299072265625"
"34778.0","0.002899169921875"
"34779.0","0.0030517578125"
"34780.0","0.003021240234375"
"34781.0","0.00286865234375"
"34782.0","0.002899169921875"
"34783.0","0.003143310546875"
"34784.0","0.00286865234375"
"34785.0","0.002899169921875"
"34786.0","0.003021240234375"
"34787.0","0.003021240234375"
"34788.0","0.0030517578125"
"34789.0","0.0029296875"
"34790.0","0.00299072265625"
"34791.0","0.002899169921875"
"34792.0","0.003021240234375"
"34793.0","0.002960205078125"
"34794.0","0.00286865234375"
"34795.0","0.002777099609375"
"34796.0","0.003082275390625"
"34797.0","0.00286865234375"
"34798.0","0.0028076171875"
"34799.0","0.002960205078125"
"34800.0","0.0030517578125"
"34801.0","0.00286865234375"
"34802.0","0.00311279296875"
"34803.0","0.00299072265625"
"34804.0","0.003021240234375"
"34805.0","0.003143310546875"
"34806.0","0.002777099609375"
"34807.0","0.0028076171875"
"34808.0","0.003082275390625"
"34809.0","0.002960205078125"
"34810.0","0.00286865234375"
"34811.0","0.00299072265625"
"34812.0","0.003021240234375"
"34813.0","0.002593994140625"
"34814.0","0.003021240234375"
"34815.0","0.002960205078125"
"34816.0","0.002960205078125"
"34817.0","0.002838134765625"
"34818.0","0.003021240234375"
"34819.0","0.002685546875"
"34820.0","0.002899169921875"
"34821.0","0.002899169921875"
"34822.0","0.0028076171875"
"34823.0","0.00286865234375"
"34824.0","0.00286865234375"
"34825.0","0.0029296875"
"34826.0","0.00286865234375"
"34827.0","0.00274658203125"
"34828.0","0.002960205078125"
"34829.0","0.0028076171875"
"34830.0","0.00274658203125"
"34831.0","0.003021240234375"
"34832.0","0.002716064453125"
"34833.0","0.002685546875"
"34834.0","0.002960205078125"
"34835.0","0.00286865234375"
"34836.0","0.002899169921875"
"34837.0","0.0029296875"
"34838.0","0.0028076171875"
"34839.0","0.002777099609375"
"34840.0","0.0030517578125"
"34841.0","0.00262451171875"
"34842.0","0.003143310546875"
"34843.0","0.002777099609375"
"34844.0","0.0029296875"
"34845.0","0.0030517578125"
"34846.0","0.002899169921875"
"34847.0","0.00299072265625"
"34848.0","0.00286865234375"
"34849.0","0.002777099609375"
"34850.0","0.003021240234375"
"34851.0","0.0029296875"
"34852.0","0.002716064453125"
"34853.0","0.0029296875"
"34854.0","0.002899169921875"
"34855.0","0.002777099609375"
"34856.0","0.00311279296875"
"34857.0","0.00299072265625"
"34858.0","0.0029296875"
"34859.0","0.0029296875"
"34860.0","0.003021240234375"
"34861.0","0.00299072265625"
"34862.0","0.002960205078125"
"34863.0","0.002899169921875"
"34864.0","0.002960205078125"
"34865.0","0.0030517578125"
"34866.0","0.002899169921875"
"34867.0","0.002899169921875"
"34868.0","0.002838134765625"
"34869.0","0.002960205078125"
"34870.0","0.00286865234375"
"34871.0","0.002899169921875"
"34872.0","0.0028076171875"
"34873.0","0.002838134765625"
"34874.0","0.002899169921875"
"34875.0","0.002899169921875"
"34876.0","0.00299072265625"
"34877.0","0.002960205078125"
"34878.0","0.002899169921875"
"34879.0","0.00286865234375"
"34880.0","0.0029296875"
"34881.0","0.002838134765625"
"34882.0","0.002838134765625"
"34883.0","0.00299072265625"
"34884.0","0.00286865234375"
"34885.0","0.00286865234375"
"34886.0","0.00286865234375"
"34887.0","0.002899169921875"
"34888.0","0.002899169921875"
"34889.0","0.00286865234375"
"34890.0","0.00286865234375"
"34891.0","0.00274658203125"
"34892.0","0.0028076171875"
"34893.0","0.002716064453125"
"34894.0","0.00299072265625"
"34895.0","0.002960205078125"
"34896.0","0.002685546875"
"34897.0","0.002960205078125"
"34898.0","0.00286865234375"
"34899.0","0.002838134765625"
"34900.0","0.00286865234375"
"34901.0","0.002960205078125"
"34902.0","0.002899169921875"
"34903.0","0.003021240234375"
"34904.0","0.00274658203125"
"34905.0","0.0029296875"
"34906.0","0.002960205078125"
"34907.0","0.0029296875"
"34908.0","0.0030517578125"
"34909.0","0.002716064453125"
"34910.0","0.002960205078125"
"34911.0","0.00299072265625"
"34912.0","0.00274658203125"
"34913.0","0.0029296875"
"34914.0","0.0029296875"
"34915.0","0.00286865234375"
"34916.0","0.00286865234375"
"34917.0","0.002960205078125"
"34918.0","0.0030517578125"
"34919.0","0.00299072265625"
"34920.0","0.002899169921875"
"34921.0","0.002899169921875"
"34922.0","0.00299072265625"
"34923.0","0.002899169921875"
"34924.0","0.002685546875"
"34925.0","0.003021240234375"
"34926.0","0.0030517578125"
"34927.0","0.003082275390625"
"34928.0","0.002960205078125"
"34929.0","0.0028076171875"
"34930.0","0.0030517578125"
"34931.0","0.002777099609375"
"34932.0","0.002899169921875"
"34933.0","0.00299072265625"
"34934.0","0.0028076171875"
"34935.0","0.002838134765625"
"34936.0","0.002899169921875"
"34937.0","0.00286865234375"
"34938.0","0.002899169921875"
"34939.0","0.002960205078125"
"34940.0","0.0029296875"
"34941.0","0.002899169921875"
"34942.0","0.002838134765625"
"34943.0","0.002899169921875"
"34944.0","0.00274658203125"
"34945.0","0.002838134765625"
"34946.0","0.0028076171875"
"34947.0","0.002777099609375"
"34948.0","0.0028076171875"
"34949.0","0.002838134765625"
"34950.0","0.0028076171875"
"34951.0","0.002899169921875"
"34952.0","0.0028076171875"
"34953.0","0.00299072265625"
"34954.0","0.002685546875"
"34955.0","0.00274658203125"
"34956.0","0.002899169921875"
"34957.0","0.002685546875"
"34958.0","0.002960205078125"
"34959.0","0.002899169921875"
"34960.0","0.00286865234375"
"34961.0","0.00286865234375"
"34962.0","0.002655029296875"
"34963.0","0.003173828125"
"34964.0","0.002655029296875"
"34965.0","0.00286865234375"
"34966.0","0.00286865234375"
"34967.0","0.0029296875"
"34968.0","0.0030517578125"
"34969.0","0.00286865234375"
"34970.0","0.0029296875"
"34971.0","0.002838134765625"
"34972.0","0.002960205078125"
"34973.0","0.002838134765625"
"34974.0","0.0029296875"
"34975.0","0.0029296875"
"34976.0","0.0028076171875"
"34977.0","0.00299072265625"
"34978.0","0.002899169921875"
"34979.0","0.0030517578125"
"34980.0","0.003021240234375"
"34981.0","0.00286865234375"
"34982.0","0.002899169921875"
"34983.0","0.003143310546875"
"34984.0","0.00286865234375"
"34985.0","0.002899169921875"
"34986.0","0.003021240234375"
"34987.0","0.003021240234375"
"34988.0","0.0030517578125"
"34989.0","0.0029296875"
"34990.0","0.00299072265625"
"34991.0","0.002899169921875"
"34992.0","0.003021240234375"
"34993.0","0.002960205078125"
"34994.0","0.00286865234375"
"34995.0","0.002777099609375"
"34996.0","0.003082275390625"
"34997.0","0.00286865234375"
"34998.0","0.0028076171875"
"34999.0","0.002960205078125"
"35000.0","0.0030517578125"
"35001.0","0.00286865234375"
"35002.0","0.00311279296875"
"35003.0","0.00299072265625"
"35004.0","0.003021240234375"
"35005.0","0.003143310546875"
"35006.0","0.002777099609375"
"35007.0","0.0028076171875"
"35008.0","0.003082275390625"
"35009.0","0.002960205078125"
"35010.0","0.00286865234375"
"35011.0","0.00299072265625"
"35012.0","0.003021240234375"
"35013.0","0.002593994140625"
"35014.0","0.003021240234375"
"35015.0","0.002960205078125"
"35016.0","0.002960205078125"
"35017.0","0.002838134765625"
"35018.0","0.003021240234375"
"35019.0","0.002685546875"
"35020.0","0.002899169921875"
"35021.0","0.002899169921875"
"35022.0","0.0028076171875"
"35023.0","0.00286865234375"
"35024.0","0.00286865234375"
"35025.0","0.0029296875"
"35026.0","0.00286865234375"
"35027.0","0.00274658203125"
"35028.0","0.002960205078125"
"35029.0","0.0028076171875"
"35030.0","0.00274658203125"
"35031.0","0.003021240234375"
"35032.0","0.002716064453125"
"35033.0","0.002685546875"
"35034.0","0.002960205078125"
"35035.0","0.00286865234375"
"35036.0","0.002899169921875"
"35037.0","0.0029296875"
"35038.0","0.0028076171875"
"35039.0","0.002777099609375"
"35040.0","0.0030517578125"
"35041.0","0.00262451171875"
"35042.0","0.003143310546875"
"35043.0","0.002777099609375"
"35044.0","0.0029296875"
"35045.0","0.0030517578125"
"35046.0","0.002899169921875"
"35047.0","0.00299072265625"
"35048.0","0.00286865234375"
"35049.0","0.002777099609375"
"35050.0","0.003021240234375"
"35051.0","0.0029296875"
"35052.0","0.002716064453125"
"35053.0","0.0029296875"
"35054.0","0.002899169921875"
"35055.0","0.002777099609375"
"35056.0","0.00311279296875"
"35057.0","0.00299072265625"
"35058.0","0.0029296875"
"35059.0","0.0029296875"
"35060.0","0.003021240234375"
"35061.0","0.00299072265625"
"35062.0","0.002960205078125"
"35063.0","0.002899169921875"
"35064.0","0.002960205078125"
"35065.0","0.0030517578125"
"35066.0","0.002899169921875"
"35067.0","0.002899169921875"
"35068.0","0.002838134765625"
"35069.0","0.002960205078125"
"35070.0","0.00286865234375"
"35071.0","0.002899169921875"
"35072.0","0.0028076171875"
"35073.0","0.002838134765625"
"35074.0","0.002899169921875"
"35075.0","0.002899169921875"
"35076.0","0.00299072265625"
"35077.0","0.002960205078125"
"35078.0","0.002899169921875"
"35079.0","0.00286865234375"
"35080.0","0.0029296875"
"35081.0","0.002838134765625"
"35082.0","0.002838134765625"
"35083.0","0.00299072265625"
"35084.0","0.00286865234375"
"35085.0","0.00286865234375"
"35086.0","0.00286865234375"
"35087.0","0.002899169921875"
"35088.0","0.002899169921875"
"35089.0","0.00286865234375"
"35090.0","0.00286865234375"
"35091.0","0.00274658203125"
"35092.0","0.0028076171875"
"35093.0","0.002716064453125"
"35094.0","0.00299072265625"
"35095.0","0.002960205078125"
"35096.0","0.002685546875"
"35097.0","0.002960205078125"
"35098.0","0.00286865234375"
"35099.0","0.002838134765625"
"35100.0","0.00286865234375"
"35101.0","0.002960205078125"
"35102.0","0.002899169921875"
"35103.0","0.003021240234375"
"35104.0","0.00274658203125"
"35105.0","0.0029296875"
"35106.0","0.002960205078125"
"35107.0","0.0029296875"
"35108.0","0.0030517578125"
"35109.0","0.002716064453125"
"35110.0","0.002960205078125"
"35111.0","0.00299072265625"
"35112.0","0.00274658203125"
"35113.0","0.0029296875"
"35114.0","0.0029296875"
"35115.0","0.00286865234375"
"35116.0","0.00286865234375"
"35117.0","0.002960205078125"
"35118.0","0.0030517578125"
"35119.0","0.00299072265625"
"35120.0","0.002899169921875"
"35121.0","0.002899169921875"
"35122.0","0.00299072265625"
"35123.0","0.002899169921875"
"35124.0","0.002685546875"
"35125.0","0.003021240234375"
"35126.0","0.0030517578125"
"35127.0","0.003082275390625"
"35128.0","0.002960205078125"
"35129.0","0.0028076171875"
"35130.0","0.0030517578125"
"35131.0","0.002777099609375"
"35132.0","0.002899169921875"
"35133.0","0.00299072265625"
"35134.0","0.0028076171875"
"35135.0","0.002838134765625"
"35136.0","0.002899169921875"
"35137.0","0.00286865234375"
"35138.0","0.002899169921875"
"35139.0","0.002960205078125"
"35140.0","0.0029296875"
"35141.0","0.002899169921875"
"35142.0","0.002838134765625"
"35143.0","0.002899169921875"
"35144.0","0.00274658203125"
"35145.0","0.002838134765625"
"35146.0","0.0028076171875"
"35147.0","0.002777099609375"
"35148.0","0.0028076171875"
"35149.0","0.002838134765625"
"35150.0","0.0028076171875"
"35151.0","0.002899169921875"
"35152.0","0.0028076171875"
"35153.0","0.00299072265625"
"35154.0","0.002685546875"
"35155.0","0.00274658203125"
"35156.0","0.002899169921875"
"35157.0","0.002685546875"
"35158.0","0.002960205078125"
"35159.0","0.002899169921875"
"35160.0","0.00286865234375"
"35161.0","0.00286865234375"
"35162.0","0.002655029296875"
"35163.0","0.003173828125"
"35164.0","0.002655029296875"
"35165.0","0.00286865234375"
"35166.0","0.00286865234375"
"35167.0","0.0029296875"
"35168.0","0.0030517578125"
"35169.0","0.00286865234375"
"35170.0","0.0029296875"
"35171.0","0.002838134765625"
"35172.0","0.002960205078125"
"35173.0","0.002838134765625"
"35174.0","0.0029296875"
"35175.0","0.0029296875"
"35176.0","0.0028076171875"
"35177.0","0.00299072265625"
"35178.0","0.002899169921875"
"35179.0","0.0030517578125"
"35180.0","0.003021240234375"
"35181.0","0.00286865234375"
"35182.0","0.002899169921875"
"35183.0","0.003143310546875"
"35184.0","0.00286865234375"
"35185.0","0.002899169921875"
"35186.0","0.003021240234375"
"35187.0","0.003021240234375"
"35188.0","0.0030517578125"
"35189.0","0.0029296875"
"35190.0","0.00299072265625"
"35191.0","0.002899169921875"
"35192.0","0.003021240234375"
"35193.0","0.002960205078125"
"35194.0","0.00286865234375"
"35195.0","0.002777099609375"
"35196.0","0.003082275390625"
"35197.0","0.00286865234375"
"35198.0","0.0028076171875"
"35199.0","0.002960205078125"
"35200.0","0.0030517578125"
"35201.0","0.00286865234375"
"35202.0","0.00311279296875"
"35203.0","0.00299072265625"
"35204.0","0.003021240234375"
"35205.0","0.003143310546875"
"35206.0","0.002777099609375"
"35207.0","0.0028076171875"
"35208.0","0.003082275390625"
"35209.0","0.002960205078125"
"35210.0","0.00286865234375"
"35211.0","0.00299072265625"
"35212.0","0.003021240234375"
"35213.0","0.002593994140625"
"35214.0","0.003021240234375"
"35215.0","0.002960205078125"
"35216.0","0.002960205078125"
"35217.0","0.002838134765625"
"35218.0","0.003021240234375"
"35219.0","0.002685546875"
"35220.0","0.002899169921875"
"35221.0","0.002899169921875"
"35222.0","0.0028076171875"
"35223.0","0.00286865234375"
"35224.0","0.00286865234375"
"35225.0","0.0029296875"
"35226.0","0.00286865234375"
"35227.0","0.00274658203125"
"35228.0","0.002960205078125"
"35229.0","0.0028076171875"
"35230.0","0.00274658203125"
"35231.0","0.003021240234375"
"35232.0","0.002716064453125"
"35233.0","0.002685546875"
"35234.0","0.002960205078125"
"35235.0","0.00286865234375"
"35236.0","0.002899169921875"
"35237.0","0.0029296875"
"35238.0","0.0028076171875"
"35239.0","0.002777099609375"
"35240.0","0.0030517578125"
"35241.0","0.00262451171875"
"35242.0","0.003143310546875"
"35243.0","0.002777099609375"
"35244.0","0.0029296875"
"35245.0","0.0030517578125"
"35246.0","0.002899169921875"
"35247.0","0.00299072265625"
"35248.0","0.00286865234375"
"35249.0","0.002777099609375"
"35250.0","0.003021240234375"
"35251.0","0.0029296875"
"35252.0","0.002716064453125"
"35253.0","0.0029296875"
"35254.0","0.002899169921875"
"35255.0","0.002777099609375"
"35256.0","0.00311279296875"
"35257.0","0.00299072265625"
"35258.0","0.0029296875"
"35259.0","0.0029296875"
"35260.0","0.003021240234375"
"35261.0","0.00299072265625"
"35262.0","0.002960205078125"
"35263.0","0.002899169921875"
"35264.0","0.002960205078125"
"35265.0","0.0030517578125"
"35266.0","0.002899169921875"
"35267.0","0.002899169921875"
"35268.0","0.002838134765625"
"35269.0","0.002960205078125"
"35270.0","0.00286865234375"
"35271.0","0.002899169921875"
"35272.0","0.0028076171875"
"35273.0","0.002838134765625"
"35274.0","0.002899169921875"
"35275.0","0.002899169921875"
"35276.0","0.00299072265625"
"35277.0","0.002960205078125"
"35278.0","0.002899169921875"
"35279.0","0.00286865234375"
"35280.0","0.0029296875"
"35281.0","0.002838134765625"
"35282.0","0.002838134765625"
"35283.0","0.00299072265625"
"35284.0","0.00286865234375"
"35285.0","0.00286865234375"
"35286.0","0.00286865234375"
"35287.0","0.002899169921875"
"35288.0","0.002899169921875"
"35289.0","0.00286865234375"
"35290.0","0.00286865234375"
"35291.0","0.00274658203125"
"35292.0","0.0028076171875"
"35293.0","0.002716064453125"
"35294.0","0.00299072265625"
"35295.0","0.002960205078125"
"35296.0","0.002685546875"
"35297.0","0.002960205078125"
"35298.0","0.00286865234375"
"35299.0","0.002838134765625"
"35300.0","0.00286865234375"
"35301.0","0.002960205078125"
"35302.0","0.002899169921875"
"35303.0","0.003021240234375"
"35304.0","0.00274658203125"
"35305.0","0.0029296875"
"35306.0","0.002960205078125"
"35307.0","0.0029296875"
"35308.0","0.0030517578125"
"35309.0","0.002716064453125"
"35310.0","0.002960205078125"
"35311.0","0.00299072265625"
"35312.0","0.00274658203125"
"35313.0","0.0029296875"
"35314.0","0.0029296875"
"35315.0","0.00286865234375"
"35316.0","0.00286865234375"
"35317.0","0.002960205078125"
"35318.0","0.0030517578125"
"35319.0","0.00299072265625"
"35320.0","0.002899169921875"
"35321.0","0.002899169921875"
"35322.0","0.00299072265625"
"35323.0","0.002899169921875"
"35324.0","0.002685546875"
"35325.0","0.003021240234375"
"35326.0","0.0030517578125"
"35327.0","0.003082275390625"
"35328.0","0.002960205078125"
"35329.0","0.0028076171875"
"35330.0","0.0030517578125"
"35331.0","0.002777099609375"
"35332.0","0.002899169921875"
"35333.0","0.00299072265625"
"35334.0","0.0028076171875"
"35335.0","0.002838134765625"
"35336.0","0.002899169921875"
"35337.0","0.00286865234375"
"35338.0","0.002899169921875"
"35339.0","0.002960205078125"
"35340.0","0.0029296875"
"35341.0","0.002899169921875"
"35342.0","0.002838134765625"
"35343.0","0.002899169921875"
"35344.0","0.00274658203125"
"35345.0","0.002838134765625"
"35346.0","0.0028076171875"
"35347.0","0.002777099609375"
"35348.0","0.0028076171875"
"35349.0","0.002838134765625"
"35350.0","0.0028076171875"
"35351.0","0.002899169921875"
"35352.0","0.0028076171875"
"35353.0","0.00299072265625"
"35354.0","0.002685546875"
"35355.0","0.00274658203125"
"35356.0","0.002899169921875"
"35357.0","0.002685546875"
"35358.0","0.002960205078125"
"35359.0","0.002899169921875"
"35360.0","0.00286865234375"
"35361.0","0.00286865234375"
"35362.0","0.002655029296875"
"35363.0","0.003173828125"
"35364.0","0.002655029296875"
"35365.0","0.00286865234375"
"35366.0","0.00286865234375"
"35367.0","0.0029296875"
"35368.0","0.0030517578125"
"35369.0","0.00286865234375"
"35370.0","0.0029296875"
"35371.0","0.002838134765625"
"35372.0","0.002960205078125"
"35373.0","0.002838134765625"
"35374.0","0.0029296875"
"35375.0","0.0029296875"
"35376.0","0.0028076171875"
"35377.0","0.00299072265625"
"35378.0","0.002899169921875"
"35379.0","0.0030517578125"
"35380.0","0.003021240234375"
"35381.0","0.00286865234375"
"35382.0","0.002899169921875"
"35383.0","0.003143310546875"
"35384.0","0.00286865234375"
"35385.0","0.002899169921875"
"35386.0","0.003021240234375"
"35387.0","0.003021240234375"
"35388.0","0.0030517578125"
"35389.0","0.0029296875"
"35390.0","0.00299072265625"
"35391.0","0.002899169921875"
"35392.0","0.003021240234375"
"35393.0","0.002960205078125"
"35394.0","0.00286865234375"
"35395.0","0.002777099609375"
"35396.0","0.003082275390625"
"35397.0","0.00286865234375"
"35398.0","0.0028076171875"
"35399.0","0.002960205078125"
"35400.0","0.0030517578125"
"35401.0","0.00286865234375"
"35402.0","0.00311279296875"
"35403.0","0.00299072265625"
"35404.0","0.003021240234375"
"35405.0","0.003143310546875"
"35406.0","0.002777099609375"
"35407.0","0.0028076171875"
"35408.0","0.003082275390625"
"35409.0","0.002960205078125"
"35410.0","0.00286865234375"
"35411.0","0.00299072265625"
"35412.0","0.003021240234375"
"35413.0","0.002593994140625"
"35414.0","0.003021240234375"
"35415.0","0.002960205078125"
"35416.0","0.002960205078125"
"35417.0","0.002838134765625"
"35418.0","0.003021240234375"
"35419.0","0.002685546875"
"35420.0","0.002899169921875"
"35421.0","0.002899169921875"
"35422.0","0.0028076171875"
"35423.0","0.00286865234375"
"35424.0","0.00286865234375"
"35425.0","0.0029296875"
"35426.0","0.00286865234375"
"35427.0","0.00274658203125"
"35428.0","0.002960205078125"
"35429.0","0.0028076171875"
"35430.0","0.00274658203125"
"35431.0","0.003021240234375"
"35432.0","0.002716064453125"
"35433.0","0.002685546875"
"35434.0","0.002960205078125"
"35435.0","0.00286865234375"
"35436.0","0.002899169921875"
"35437.0","0.0029296875"
"35438.0","0.0028076171875"
"35439.0","0.002777099609375"
"35440.0","0.0030517578125"
"35441.0","0.00262451171875"
"35442.0","0.003143310546875"
"35443.0","0.002777099609375"
"35444.0","0.0029296875"
"35445.0","0.0030517578125"
"35446.0","0.002899169921875"
"35447.0","0.00299072265625"
"35448.0","0.00286865234375"
"35449.0","0.002777099609375"
"35450.0","0.003021240234375"
"35451.0","0.0029296875"
"35452.0","0.002716064453125"
"35453.0","0.0029296875"
"35454.0","0.002899169921875"
"35455.0","0.002777099609375"
"35456.0","0.00311279296875"
"35457.0","0.00299072265625"
"35458.0","0.0029296875"
"35459.0","0.0029296875"
"35460.0","0.003021240234375"
"35461.0","0.00299072265625"
"35462.0","0.002960205078125"
"35463.0","0.002899169921875"
"35464.0","0.002960205078125"
"35465.0","0.0030517578125"
"35466.0","0.002899169921875"
"35467.0","0.002899169921875"
"35468.0","0.002838134765625"
"35469.0","0.002960205078125"
"35470.0","0.00286865234375"
"35471.0","0.002899169921875"
"35472.0","0.0028076171875"
"35473.0","0.002838134765625"
"35474.0","0.002899169921875"
"35475.0","0.002899169921875"
"35476.0","0.00299072265625"
"35477.0","0.002960205078125"
"35478.0","0.002899169921875"
"35479.0","0.00286865234375"
"35480.0","0.0029296875"
"35481.0","0.002838134765625"
"35482.0","0.002838134765625"
"35483.0","0.00299072265625"
"35484.0","0.00286865234375"
"35485.0","0.00286865234375"
"35486.0","0.00286865234375"
"35487.0","0.002899169921875"
"35488.0","0.002899169921875"
"35489.0","0.00286865234375"
"35490.0","0.00286865234375"
"35491.0","0.00274658203125"
"35492.0","0.0028076171875"
"35493.0","0.002716064453125"
"35494.0","0.00299072265625"
"35495.0","0.002960205078125"
"35496.0","0.002685546875"
"35497.0","0.002960205078125"
"35498.0","0.00286865234375"
"35499.0","0.002838134765625"
"35500.0","0.00286865234375"
"35501.0","0.002960205078125"
"35502.0","0.002899169921875"
"35503.0","0.003021240234375"
"35504.0","0.00274658203125"
"35505.0","0.0029296875"
"35506.0","0.002960205078125"
"35507.0","0.0029296875"
"35508.0","0.0030517578125"
"35509.0","0.002716064453125"
"35510.0","0.002960205078125"
"35511.0","0.00299072265625"
"35512.0","0.00274658203125"
"35513.0","0.0029296875"
"35514.0","0.0029296875"
"35515.0","0.00286865234375"
"35516.0","0.00286865234375"
"35517.0","0.002960205078125"
"35518.0","0.0030517578125"
"35519.0","0.00299072265625"
"35520.0","0.002899169921875"
"35521.0","0.002899169921875"
"35522.0","0.00299072265625"
"35523.0","0.002899169921875"
"35524.0","0.002685546875"
"35525.0","0.003021240234375"
"35526.0","0.0030517578125"
"35527.0","0.003082275390625"
"35528.0","0.002960205078125"
"35529.0","0.0028076171875"
"35530.0","0.0030517578125"
"35531.0","0.002777099609375"
"35532.0","0.002899169921875"
"35533.0","0.00299072265625"
"35534.0","0.0028076171875"
"35535.0","0.002838134765625"
"35536.0","0.002899169921875"
"35537.0","0.00286865234375"
"35538.0","0.002899169921875"
"35539.0","0.002960205078125"
"35540.0","0.0029296875"
"35541.0","0.002899169921875"
"35542.0","0.002838134765625"
"35543.0","0.002899169921875"
"35544.0","0.00274658203125"
"35545.0","0.002838134765625"
"35546.0","0.0028076171875"
"35547.0","0.002777099609375"
"35548.0","0.0028076171875"
"35549.0","0.002838134765625"
"35550.0","0.0028076171875"
"35551.0","0.002899169921875"
"35552.0","0.0028076171875"
"35553.0","0.00299072265625"
"35554.0","0.002685546875"
"35555.0","0.00274658203125"
"35556.0","0.002899169921875"
"35557.0","0.002685546875"
"35558.0","0.002960205078125"
"35559.0","0.002899169921875"
"35560.0","0.00286865234375"
"35561.0","0.00286865234375"
"35562.0","0.002655029296875"
"35563.0","0.003173828125"
"35564.0","0.002655029296875"
"35565.0","0.00286865234375"
"35566.0","0.00286865234375"
"35567.0","0.0029296875"
"35568.0","0.0030517578125"
"35569.0","0.00286865234375"
"35570.0","0.0029296875"
"35571.0","0.002838134765625"
"35572.0","0.002960205078125"
"35573.0","0.002838134765625"
"35574.0","0.0029296875"
"35575.0","0.0029296875"
"35576.0","0.0028076171875"
"35577.0","0.00299072265625"
"35578.0","0.002899169921875"
"35579.0","0.0030517578125"
"35580.0","0.003021240234375"
"35581.0","0.00286865234375"
"35582.0","0.002899169921875"
"35583.0","0.003143310546875"
"35584.0","0.00286865234375"
"35585.0","0.002899169921875"
"35586.0","0.003021240234375"
"35587.0","0.003021240234375"
"35588.0","0.0030517578125"
"35589.0","0.0029296875"
"35590.0","0.00299072265625"
"35591.0","0.002899169921875"
"35592.0","0.003021240234375"
"35593.0","0.002960205078125"
"35594.0","0.00286865234375"
"35595.0","0.002777099609375"
"35596.0","0.003082275390625"
"35597.0","0.00286865234375"
"35598.0","0.0028076171875"
"35599.0","0.002960205078125"
"35600.0","0.002838134765625"
"35601.0","0.002838134765625"
"35602.0","0.00286865234375"
"35603.0","0.00262451171875"
"35604.0","0.003021240234375"
"35605.0","0.00286865234375"
"35606.0","0.003021240234375"
"35607.0","0.002838134765625"
"35608.0","0.00274658203125"
"35609.0","0.002899169921875"
"35610.0","0.002838134765625"
"35611.0","0.003082275390625"
"35612.0","0.0029296875"
"35613.0","0.00299072265625"
"35614.0","0.002960205078125"
"35615.0","0.00286865234375"
"35616.0","0.002960205078125"
"35617.0","0.00274658203125"
"35618.0","0.002960205078125"
"35619.0","0.0029296875"
"35620.0","0.00274658203125"
"35621.0","0.00299072265625"
"35622.0","0.00286865234375"
"35623.0","0.00286865234375"
"35624.0","0.002960205078125"
"35625.0","0.003021240234375"
"35626.0","0.003021240234375"
"35627.0","0.00299072265625"
"35628.0","0.002838134765625"
"35629.0","0.003021240234375"
"35630.0","0.002899169921875"
"35631.0","0.002838134765625"
"35632.0","0.0030517578125"
"35633.0","0.003021240234375"
"35634.0","0.00299072265625"
"35635.0","0.003021240234375"
"35636.0","0.00286865234375"
"35637.0","0.003082275390625"
"35638.0","0.00274658203125"
"35639.0","0.00286865234375"
"35640.0","0.003082275390625"
"35641.0","0.00286865234375"
"35642.0","0.0030517578125"
"35643.0","0.00286865234375"
"35644.0","0.0029296875"
"35645.0","0.002838134765625"
"35646.0","0.002960205078125"
"35647.0","0.002899169921875"
"35648.0","0.00286865234375"
"35649.0","0.0029296875"
"35650.0","0.002777099609375"
"35651.0","0.002899169921875"
"35652.0","0.002777099609375"
"35653.0","0.0029296875"
"35654.0","0.002899169921875"
"35655.0","0.0028076171875"
"35656.0","0.00274658203125"
"35657.0","0.0029296875"
"35658.0","0.002899169921875"
"35659.0","0.00274658203125"
"35660.0","0.002960205078125"
"35661.0","0.00274658203125"
"35662.0","0.002777099609375"
"35663.0","0.002960205078125"
"35664.0","0.002777099609375"
"35665.0","0.0028076171875"
"35666.0","0.0029296875"
"35667.0","0.00299072265625"
"35668.0","0.00286865234375"
"35669.0","0.002777099609375"
"35670.0","0.00286865234375"
"35671.0","0.002777099609375"
"35672.0","0.00286865234375"
"35673.0","0.002960205078125"
"35674.0","0.0029296875"
"35675.0","0.002960205078125"
"35676.0","0.002960205078125"
"35677.0","0.002685546875"
"35678.0","0.0030517578125"
"35679.0","0.002838134765625"
"35680.0","0.00274658203125"
"35681.0","0.003021240234375"
"35682.0","0.00274658203125"
"35683.0","0.002899169921875"
"35684.0","0.002899169921875"
"35685.0","0.002838134765625"
"35686.0","0.003021240234375"
"35687.0","0.00299072265625"
"35688.0","0.003021240234375"
"35689.0","0.002899169921875"
"35690.0","0.003021240234375"
"35691.0","0.002777099609375"
"35692.0","0.003082275390625"
"35693.0","0.003143310546875"
"35694.0","0.00299072265625"
"35695.0","0.00299072265625"
"35696.0","0.00286865234375"
"35697.0","0.0029296875"
"35698.0","0.0030517578125"
"35699.0","0.002838134765625"
"35700.0","0.00286865234375"
"35701.0","0.002960205078125"
"35702.0","0.00299072265625"
"35703.0","0.0029296875"
"35704.0","0.002777099609375"
"35705.0","0.0030517578125"
"35706.0","0.0028076171875"
"35707.0","0.002899169921875"
"35708.0","0.002960205078125"
"35709.0","0.002838134765625"
"35710.0","0.002838134765625"
"35711.0","0.0028076171875"
"35712.0","0.002838134765625"
"35713.0","0.002899169921875"
"35714.0","0.00274658203125"
"35715.0","0.002899169921875"
"35716.0","0.002899169921875"
"35717.0","0.0028076171875"
"35718.0","0.002899169921875"
"35719.0","0.003021240234375"
"35720.0","0.00250244140625"
"35721.0","0.003021240234375"
"35722.0","0.0028076171875"
"35723.0","0.00286865234375"
"35724.0","0.003021240234375"
"35725.0","0.002716064453125"
"35726.0","0.002716064453125"
"35727.0","0.003082275390625"
"35728.0","0.002899169921875"
"35729.0","0.00286865234375"
"35730.0","0.002899169921875"
"35731.0","0.0028076171875"
"35732.0","0.002777099609375"
"35733.0","0.0030517578125"
"35734.0","0.002685546875"
"35735.0","0.0030517578125"
"35736.0","0.00299072265625"
"35737.0","0.002960205078125"
"35738.0","0.002899169921875"
"35739.0","0.00286865234375"
"35740.0","0.003021240234375"
"35741.0","0.00274658203125"
"35742.0","0.0030517578125"
"35743.0","0.0028076171875"
"35744.0","0.002960205078125"
"35745.0","0.0029296875"
"35746.0","0.002899169921875"
"35747.0","0.002838134765625"
"35748.0","0.00311279296875"
"35749.0","0.002960205078125"
"35750.0","0.0029296875"
"35751.0","0.0029296875"
"35752.0","0.00299072265625"
"35753.0","0.00286865234375"
"35754.0","0.00286865234375"
"35755.0","0.003082275390625"
"35756.0","0.003082275390625"
"35757.0","0.003021240234375"
"35758.0","0.0030517578125"
"35759.0","0.002960205078125"
"35760.0","0.00299072265625"
"35761.0","0.002960205078125"
"35762.0","0.002838134765625"
"35763.0","0.002960205078125"
"35764.0","0.002777099609375"
"35765.0","0.002838134765625"
"35766.0","0.003021240234375"
"35767.0","0.002777099609375"
"35768.0","0.0029296875"
"35769.0","0.002899169921875"
"35770.0","0.0029296875"
"35771.0","0.0028076171875"
"35772.0","0.002899169921875"
"35773.0","0.002899169921875"
"35774.0","0.002838134765625"
"35775.0","0.0028076171875"
"35776.0","0.002838134765625"
"35777.0","0.002899169921875"
"35778.0","0.0028076171875"
"35779.0","0.0029296875"
"35780.0","0.003021240234375"
"35781.0","0.00286865234375"
"35782.0","0.002899169921875"
"35783.0","0.003143310546875"
"35784.0","0.00286865234375"
"35785.0","0.002899169921875"
"35786.0","0.003021240234375"
"35787.0","0.003021240234375"
"35788.0","0.0030517578125"
"35789.0","0.0029296875"
"35790.0","0.00299072265625"
"35791.0","0.002899169921875"
"35792.0","0.003021240234375"
"35793.0","0.002960205078125"
"35794.0","0.00286865234375"
"35795.0","0.002777099609375"
"35796.0","0.003082275390625"
"35797.0","0.00286865234375"
"35798.0","0.0028076171875"
"35799.0","0.002960205078125"
